{
    "loss": 0.21479260921478271,
    "accuracy": 0.9482758641242981
}