{
    "loss": 0.20628660917282104,
    "accuracy": 0.9482758641242981
}