{
    "loss": 0.257438063621521,
    "accuracy": 0.8879310488700867
}